{"is_source_file": true, "format": "JavaScript (React JSX)", "description": "This is a React component source file (App.js) for a JSON-to-visualization tool that parses JSON input, processes it into nodes, and renders a playful toon-style visualization of JSON data using SVG. It includes functions for JSON parsing, converting JSON into visual nodes, and rendering a toon-themed SVG scene, along with a React App component managing state and user interactions.", "external_files": ["./App.css"], "external_methods": ["React.useState", "React.useEffect", "React.useMemo", "React.useRef"], "published": ["App"], "classes": [], "methods": [{"name": "safeJsonParse(text)", "description": "Safely parse JSON from user input, returning an object with parsed value or error message.", "scope": "", "scopeKind": ""}, {"name": "hashStringToInt(str)", "description": "Creates a stable pseudo-random number from a string for color variation.", "scope": "", "scopeKind": ""}, {"name": "intToHsl(n, s = 75, l = 55)", "description": "Converts a number into an HSL color string within a specified range.", "scope": "", "scopeKind": ""}, {"name": "jsonToNodes(value, maxNodes = 60)", "description": "Converts JSON data into a normalized list of nodes with type, label, size hints, and hierarchical key paths.", "scope": "", "scopeKind": ""}, {"name": "ToonScene({ nodes, title })", "description": "React component that renders a toon-style visualization scene based on provided nodes, using SVG with playful shapes and colors.", "scope": "", "scopeKind": ""}, {"name": "App()", "description": "Main React component managing JSON input, parsing, visualization state, and rendering the visualization scene.", "scope": "", "scopeKind": ""}], "calls": ["React.useState", "React.useEffect", "React.useMemo", "React.useRef", "safeJsonParse", "jsonToNodes"], "search-terms": ["JSON parser", "toon visualization", "React App.js", "jsonToNodes", "json parsing", "SVG toon scene", "visualization", "React hooks", "json input", "visualize JSON"], "state": 2, "file_id": 12, "knowledge_revision": 26, "git_revision": "ee2030a76234b3cb866d4d38046d228fd0c677c4", "revision_history": [{"24": "ee2030a76234b3cb866d4d38046d228fd0c677c4"}, {"26": "ee2030a76234b3cb866d4d38046d228fd0c677c4"}], "ctags": [{"_type": "tag", "name": "0 0 ${viewBoxW} ${viewBoxH}", "path": "/home/kavia/workspace/code-generation/json-toon-visualizer-203877-203886/frontend_react_app/src/App.js", "pattern": "/^          viewBox={`0 0 ${viewBoxW} ${viewBoxH}`}$/", "language": "JavaScript", "kind": "field", "scope": "ToonScene.viewBox", "scopeKind": "class"}, {"_type": "tag", "name": "App", "path": "/home/kavia/workspace/code-generation/json-toon-visualizer-203877-203886/frontend_react_app/src/App.js", "pattern": "/^function App() {$/", "language": "JavaScript", "kind": "function", "signature": "()"}, {"_type": "tag", "name": "JsonTextarea ${parseError ? \"JsonTextareaError\" : \"\"}", "path": "/home/kavia/workspace/code-generation/json-toon-visualizer-203877-203886/frontend_react_app/src/App.js", "pattern": "/^            className={`JsonTextarea ${parseError ? \"JsonTextareaError\" : \"\"}`}$/", "language": "JavaScript", "kind": "field", "scope": "App.className", "scopeKind": "class"}, {"_type": "tag", "name": "ToonScene", "path": "/home/kavia/workspace/code-generation/json-toon-visualizer-203877-203886/frontend_react_app/src/App.js", "pattern": "/^function ToonScene({ nodes, title }) {$/", "language": "JavaScript", "kind": "function", "signature": "({ nodes, title })"}, {"_type": "tag", "name": "false", "path": "/home/kavia/workspace/code-generation/json-toon-visualizer-203877-203886/frontend_react_app/src/App.js", "pattern": "/^            spellCheck={false}$/", "language": "JavaScript", "kind": "field", "scope": "App.spellCheck", "scopeKind": "class"}, {"_type": "tag", "name": "hashStringToInt", "path": "/home/kavia/workspace/code-generation/json-toon-visualizer-203877-203886/frontend_react_app/src/App.js", "pattern": "/^function hashStringToInt(str) {$/", "language": "JavaScript", "kind": "function", "signature": "(str)"}, {"_type": "tag", "name": "intToHsl", "path": "/home/kavia/workspace/code-generation/json-toon-visualizer-203877-203886/frontend_react_app/src/App.js", "pattern": "/^function intToHsl(n, s = 75, l = 55) {$/", "language": "JavaScript", "kind": "function", "signature": "(n, s = 75, l = 55)"}, {"_type": "tag", "name": "jsonText", "path": "/home/kavia/workspace/code-generation/json-toon-visualizer-203877-203886/frontend_react_app/src/App.js", "pattern": "/^            value={jsonText}$/", "language": "JavaScript", "kind": "field", "scope": "App.value", "scopeKind": "class"}, {"_type": "tag", "name": "jsonToNodes", "path": "/home/kavia/workspace/code-generation/json-toon-visualizer-203877-203886/frontend_react_app/src/App.js", "pattern": "/^function jsonToNodes(value, maxNodes = 60) {$/", "language": "JavaScript", "kind": "function", "signature": "(value, maxNodes = 60)"}, {"_type": "tag", "name": "safeJsonParse", "path": "/home/kavia/workspace/code-generation/json-toon-visualizer-203877-203886/frontend_react_app/src/App.js", "pattern": "/^function safeJsonParse(text) {$/", "language": "JavaScript", "kind": "function", "signature": "(text)"}, {"_type": "tag", "name": "textareaRef", "path": "/home/kavia/workspace/code-generation/json-toon-visualizer-203877-203886/frontend_react_app/src/App.js", "pattern": "/^            ref={textareaRef}$/", "language": "JavaScript", "kind": "field", "scope": "App.ref", "scopeKind": "class"}, {"_type": "tag", "name": "viewBoxH", "path": "/home/kavia/workspace/code-generation/json-toon-visualizer-203877-203886/frontend_react_app/src/App.js", "pattern": "/^            height={viewBoxH - 48}$/", "language": "JavaScript", "kind": "field", "scope": "ToonScene.height", "scopeKind": "class"}, {"_type": "tag", "name": "viewBoxW", "path": "/home/kavia/workspace/code-generation/json-toon-visualizer-203877-203886/frontend_react_app/src/App.js", "pattern": "/^            width={viewBoxW - 48}$/", "language": "JavaScript", "kind": "field", "scope": "ToonScene.width", "scopeKind": "class"}], "hash": "67ee3c6808b50b89be32257e9f216589", "format-version": 4, "code-base-name": "frontend_react_app", "filename": "frontend_react_app/src/App.js", "fields": [{"name": "viewBox={`0 0 ${viewBoxW} ${viewBoxH}`}", "scope": "ToonScene.viewBox", "scopeKind": "class", "description": "unavailable"}, {"name": "className={`JsonTextarea ${parseError ? \"JsonTextareaError\" : \"\"}`}", "scope": "App.className", "scopeKind": "class", "description": "unavailable"}, {"name": "spellCheck={false}", "scope": "App.spellCheck", "scopeKind": "class", "description": "unavailable"}, {"name": "value={jsonText}", "scope": "App.value", "scopeKind": "class", "description": "unavailable"}, {"name": "ref={textareaRef}", "scope": "App.ref", "scopeKind": "class", "description": "unavailable"}, {"name": "height={viewBoxH - 48}", "scope": "ToonScene.height", "scopeKind": "class", "description": "unavailable"}, {"name": "width={viewBoxW - 48}", "scope": "ToonScene.width", "scopeKind": "class", "description": "unavailable"}]}