{"is_source_file": true, "format": "JavaScript", "description": "This is the main entry point for a React application, where the React app is initialized and rendered into the DOM.", "external_files": ["react", "react-dom/client", "./index.css", "./App"], "external_methods": ["ReactDOM.createRoot", "root.render"], "published": [], "classes": [], "methods": [{"name": "ReactDOM.createRoot", "description": "Creates a React root for rendering, targeting the DOM element with id 'root'."}, {"name": "root.render", "description": "Renders the React component tree within the created root."}], "calls": ["ReactDOM.createRoot", "root.render", "document.getElementById", "React.StrictMode", "App"], "search-terms": ["React", "ReactDOM", "main", "index.js", "entry point", "render"], "state": 2, "file_id": 10, "knowledge_revision": 25, "git_revision": "ee2030a76234b3cb866d4d38046d228fd0c677c4", "ctags": [{"_type": "tag", "name": "root", "path": "/home/kavia/workspace/code-generation/json-toon-visualizer-203877-203886/frontend_react_app/src/index.js", "pattern": "/^const root = ReactDOM.createRoot(document.getElementById('root'));$/", "language": "JavaScript", "kind": "constant"}], "hash": "9fc5841375336fc175b49f8767a11383", "format-version": 4, "code-base-name": "frontend_react_app", "filename": "frontend_react_app/src/index.js", "revision_history": [{"25": "ee2030a76234b3cb866d4d38046d228fd0c677c4"}]}