{"is_source_file": false, "format": "", "description": "", "external_files": [], "external_methods": [], "published": [], "classes": [], "methods": [], "calls": [], "search-terms": [], "state": 2, "file_id": 11, "knowledge_revision": 22, "git_revision": "ee2030a76234b3cb866d4d38046d228fd0c677c4", "ctags": [], "hash": "1a77571e1a8cf36018a41bcedf60db75", "format-version": 4, "code-base-name": "frontend_react_app", "filename": "frontend_react_app/src/setupTests.js", "revision_history": [{"22": "ee2030a76234b3cb866d4d38046d228fd0c677c4"}]}