{"is_source_file": false, "format": null, "description": "", "external_files": [], "external_methods": [], "published": [], "classes": [], "methods": [], "calls": [], "search-terms": [], "state": 2, "file_id": 6, "knowledge_revision": 18, "git_revision": "ee2030a76234b3cb866d4d38046d228fd0c677c4", "hash": "d9d975cebe2ec20b6c652e1e4c12ccf0", "format-version": 4, "code-base-name": "frontend_react_app", "filename": "frontend_react_app/public/manifest.json", "revision_history": [{"18": "ee2030a76234b3cb866d4d38046d228fd0c677c4"}]}