{"is_source_file": false, "format": null, "description": "", "external_files": [], "external_methods": [], "published": [], "classes": [], "methods": [], "calls": [], "search-terms": [], "state": 2, "file_id": 2, "knowledge_revision": 14, "git_revision": "ee2030a76234b3cb866d4d38046d228fd0c677c4", "hash": "ebece526bc2eadd78ddd787a76c56607", "format-version": 4, "code-base-name": "frontend_react_app", "filename": "frontend_react_app/README.md", "revision_history": [{"14": "ee2030a76234b3cb866d4d38046d228fd0c677c4"}]}