{"is_source_file": false, "format": "", "description": "", "external_files": [], "external_methods": [], "published": [], "classes": [], "methods": [], "calls": [], "search-terms": [], "state": 2, "file_id": 7, "knowledge_revision": 27, "git_revision": "ee2030a76234b3cb866d4d38046d228fd0c677c4", "hash": "72711f4ab2deae0c1ddd99e50d695ec0", "format-version": 4, "code-base-name": "frontend_react_app", "filename": "frontend_react_app/src/App.css", "revision_history": [{"27": "ee2030a76234b3cb866d4d38046d228fd0c677c4"}]}