{"is_source_file": false, "format": "", "description": "", "external_files": [], "external_methods": [], "published": [], "classes": [], "methods": [], "calls": [], "search-terms": [], "state": 2, "file_id": 5, "knowledge_revision": 21, "git_revision": "ee2030a76234b3cb866d4d38046d228fd0c677c4", "hash": "d2b40d02d5f7873d8a6713bad837edd4", "format-version": 4, "code-base-name": "frontend_react_app", "filename": "frontend_react_app/public/index.html", "revision_history": [{"21": "ee2030a76234b3cb866d4d38046d228fd0c677c4"}]}