{"is_source_file": false, "format": "", "description": "", "external_files": [], "external_methods": [], "published": [], "classes": [], "methods": [], "calls": [], "search-terms": [], "state": 2, "file_id": 9, "knowledge_revision": 28, "git_revision": "ee2030a76234b3cb866d4d38046d228fd0c677c4", "hash": "11a84bad2488f993a8842ac5cafb7a91", "format-version": 4, "code-base-name": "frontend_react_app", "filename": "frontend_react_app/src/index.css", "revision_history": [{"28": "ee2030a76234b3cb866d4d38046d228fd0c677c4"}]}