{"is_source_file": false, "format": "", "description": "", "external_files": [], "external_methods": [], "published": [], "classes": [], "methods": [], "calls": [], "search-terms": [], "state": 2, "file_id": 4, "knowledge_revision": 20, "git_revision": "ee2030a76234b3cb866d4d38046d228fd0c677c4", "hash": "be6538e7523bc2e9da0743133d784136", "format-version": 4, "code-base-name": "frontend_react_app", "filename": "frontend_react_app/eslint.config.mjs", "revision_history": [{"20": "ee2030a76234b3cb866d4d38046d228fd0c677c4"}]}