{"is_source_file": false, "format": "", "description": "", "external_files": [], "external_methods": [], "published": [], "classes": [], "methods": [], "calls": [], "search-terms": [], "state": 2, "file_id": 3, "knowledge_revision": 16, "git_revision": "ee2030a76234b3cb866d4d38046d228fd0c677c4", "hash": "d001d53c059625c4bcf75bf5a7f3fcf0", "format-version": 4, "code-base-name": "frontend_react_app", "filename": "frontend_react_app/package.json", "revision_history": [{"16": "ee2030a76234b3cb866d4d38046d228fd0c677c4"}]}