{"is_source_file": false, "format": "", "description": "", "external_files": [], "external_methods": [], "published": [], "classes": [], "methods": [], "calls": [], "search-terms": ["json-toon-visualizer-203877-203886"], "state": 2, "file_id": 1, "knowledge_revision": 15, "git_revision": "7ac5f6c9d19dd899f269557e9ede45c1a3e77d5e", "hash": "047593af9fde9f782e805b93ccfc546f", "format-version": 4, "code-base-name": "frontend_react_app", "filename": "README.md", "revision_history": [{"15": "7ac5f6c9d19dd899f269557e9ede45c1a3e77d5e"}]}